Info,Envision,R15.7.2
Info,ProgramName,VK78ABAtp01FTCHAR_SS_eng05
Info,TimeStamp,Tue May 3 14:54:54 2022
Info,Device,MAX20810_VK78A-0B
Info,LotID,LIMIT_VERIFY
Info,SubLotID,
Info,TesterName,ltxcx064
Info,TesterType,Fusion_MX20C
Info,Operator,mtarvina
Info,FabID,
Info,Flow,CHAR_ROOM
Info,AdapterBoard,VK76_SS
,,
,,
Test#,Minimum,Unit,Maximum,Unit,Test Description
1001010,-524.593,mV,0.100,mV,T001.AVDD_(Opens)
1001050,-932.261,mV,0.100,mV,T001.SNSP_(Opens)
1001020,-846.502,mV,0.100,mV,T001.SNSN_(Opens)
1001170,-657.115,mV,0.100,mV,T001.PGOOD_(Opens)
1001030,-483.915,mV,0.100,mV,T001.VCC_(Opens)
1001110,-480.817,mV,0.100,mV,T001.BST_(Opens)
1001140,-736.780,mV,0.100,mV,T001.PGM0_(Opens)
1001130,-830.596,mV,0.100,mV,T001.PGM1_(Opens)
1001150,-617.234,mV,0.100,mV,T001.DATA_PGM2_(Opens)
1001160,-923.944,mV,0.100,mV,T001.CLK_EN_(Opens)
1001090,-410.566,mV,0.100,mV,T001.LX_(Opens)
1001070,-367.818,mV,0.100,mV,T001.VDDH_(Opens)
1001190,-0.100,mV,539.742,mV,T001.BST_LX_(Opens)
1001210,-0.100,mV,729.629,mV,T001.PGM0_AVDD_(Opens)
1001220,-0.100,mV,738.256,mV,T001.PGM1_AVDD_(Opens)
1001230,1233.887,mV,2911.423,mV,T001.DATA_PGM2_AVDD_(Opens)
1001490,1226.717,mV,2895.322,mV,T001.CLK_EN_AVDD_(Opens)
1001500,-0.100,mV,1009.663,mV,T001.SNSP_AVDD_(Opens)
1001510,-0.100,mV,896.366,mV,T001.SNSN_AVDD_(Opens)
1001101,-801.950,mV,0.100,mV,T001.EN_(Opens)
1001031,-804.664,mV,0.100,mV,T001.LDOIN_(Opens)
1001240,-524.779,mV,-215.126,mV,T001.AVDD_(Shorts)
1001280,-932.718,mV,-385.219,mV,T001.SNSP_(Shorts)
1001250,-845.198,mV,-303.356,mV,T001.SNSN_(Shorts)
1001400,-656.213,mV,-216.603,mV,T001.PGOOD_(Shorts)
1001260,-484.284,mV,-196.863,mV,T001.VCC_(Shorts)
1001340,-478.439,mV,-172.928,mV,T001.BST_(Shorts)
1001370,-736.745,mV,-294.893,mV,T001.PGM0_(Shorts)
1001360,-828.389,mV,-343.552,mV,T001.PGM1_(Shorts)
1001380,-615.739,mV,-197.443,mV,T001.DATA_PGM2_(Shorts)
1001390,-925.495,mV,-389.716,mV,T001.CLK_EN_(Shorts)
1001320,-412.894,mV,-132.375,mV,T001.LX_(Shorts)
1001300,-368.707,mV,-143.691,mV,T001.VDDH_(Shorts)
1001420,203.713,mV,538.642,mV,T001.BST_LX_(Shorts)
1001440,283.907,mV,728.867,mV,T001.PGM0_AVDD_(Shorts)
1001450,286.636,mV,736.539,mV,T001.PGM1_AVDD_(Shorts)
1001460,1233.921,mV,2911.301,mV,T001.DATA_PGM2_AVDD_(Shorts)
1001540,1226.983,mV,2895.457,mV,T001.CLK_EN_AVDD_(Shorts)
1001550,426.376,mV,1011.372,mV,T001.SNSP_AVDD_(Shorts)
1001560,378.184,mV,898.848,mV,T001.SNSN_AVDD_(Shorts)
1001601,-802.646,mV,-334.006,mV,T001.EN_(Shorts)
1001531,-802.501,mV,-337.079,mV,T001.LDOIN_(Shorts)
1001570,-7,mV,7,mV,T001.PGND_to_GND_Short
1001580,9.800,mA,10.200,mA,T001.PGND_to_GND_10mA
1001610,-600,mV,-100,mV,T001.VDDH_F1_OVI
1001620,-600,mV,-100,mV,T001.VDDH_F2_OVI
1001630,-7,mV,7,mV,T001.PGND_F1_OVI
1001640,-600,mV,-150,mV,T001.LX_LS_F1_OVI
1001650,-600,mV,-150,mV,T001.LX_HS_F1_OVI
1001660,-600,mV,-150,mV,T001.LX_HS_F2_OVI
1001720,-529.518,mV,0.100,mV,T001.VDDH_LX_NEG_(Opens)
1001730,-0.100,mV,394.695,mV,T001.VCC_BST_POS(Opens)
1001750,-527.639,mV,-198.661,mV,T001.VDDH_LX_NEG_(Shorts)
1001760,155.412,mV,392.159,mV,T001.VCC_BST_POS(Shorts)
1003246,0,mV,400,mV,Ring_check_test
1003247,0,none,0,none,Ring_fault_test
1003251,,,,,X_coordinate_readback
1003252,,,,,Y_coordinate_readback
1003253,,,,,Wafer_ID_readback
1003254,,,,,EnggProgram_readback
1003255,,,,,Serial_Number_readback
1003000,-500,mV,-50,mV,T003.Verify.Fet.OFF
1003006,1.422,V,1.850,V,T003.BST_LX_voltage.bst_sw_off.bst_reg_off
1003016,1.780,V,1.830,V,T003.VCC_fet_off
1003010,4,mA,9,mA,T003.IAVDD_fet_off
1003020,50,uA,370,uA,T003.IVLDOIN_fet_off
1003025,4,mA,9.400,mA,T003.IVLDOIN+IAVDD_fet_off
1003030,-1,uA,200,uA,T003.IVDDH_fet_off
1003540,4,mA,9,mA,T003.IAVDD_1p71_fet_off
1003550,4,mA,9,mA,T003.IAVDD_1p95_fet_off
1003060,-1,uA,100,uA,T003.IVDDH_2p7V_fet_off
1003070,-1,uA,300,uA,T003.IVDDH_16V_fet_off
1003310,4,mA,9.500,mA,T003.IAVDD_LDOIN_5p5V_fet_off
1003330,10,uA,300,uA,T003.IVLDOIN_5p5V_fet_off
1003335,4,mA,9.500,mA,T003.IVLDOIN+IAVDD_LDOIN_5p5V_fet_off
1003320,73,uA,200,uA,T003.IVDDH_LDOIN_5p5V_fet_off
1003410,4,mA,9.500,mA,T003.IAVDD_LDOIN_2p5V_fet_off
1003430,0.010,uA,300,uA,T003.IVLDOIN_2p5V_fet_off
1003420,73,uA,200,uA,T003.IVDDH_VLDOIN_2p5V_fet_off
1003435,4,mA,9.500,mA,T003.IVLDOIN+IAVDD_LDOIN_2p5V_fet_off
1003440,4,mA,9.500,mA,T003.IAVDD_LDOIN_0V_fet_off
1003460,-26.200,uA,-6.200,uA,T003.IVLDOIN_0V_fet_off
1003450,100,uA,537,uA,T003.IVDDH_VLDOIN_0V_fet_off
1003455,4,mA,9.500,mA,T003.IVDDH+IAVDD_LDOIN_0V_fet_off
1003610,-150,nA,150,nA,SNSP_LEAKAGE_0p5V
1003611,-150,nA,150,nA,SNSP_LEAKAGE_0V
1003612,-150,nA,150,nA,SNSP_LEAKAGE_0p4V
1003613,-150,nA,150,nA,SNSP_LEAKAGE_0p8V
1003620,-550,uA,-100,uA,SNSN_LEAKAGE_pos_0p1V
1003630,-550,uA,-100,uA,SNSN_LEAKAGE_0V
1003640,-550,uA,-100,uA,SNSN_LEAKAGE_neg_0p1V
1003710,-150,nA,165,nA,DATA_LEAKAGE_1p8V
1003720,-150,nA,165,nA,CLK_LEAKAGE_1p8V
1003730,-150,nA,150,nA,DATA_LEAKAGE_0p1V
1003740,-150,nA,150,nA,CLK_LEAKAGE_0p1V
1002010,-375.842,mV,-149.641,mV,Pre-Stress_VXVerify_BothOff_Nominal
1002030,-16.038,uA,-1.892,uA,Pre-Stress_Ipgm1q_BothOff_Nominal
1002035,1.313,mA,2.564,mA,Pre-Stress_Iddq_BothOff_Nominal
1002040,-81.605,nA,985.568,nA,Pre-Stress_Iccq_Nom_BothOff_Nominal
1002041,-57.949,nA,629.027,nA,Pre-Stress_Iccq_1.71V_BothOff_Nominal
1002042,44.731,nA,3341.766,nA,Pre-Stress_Iccq_1.95V_BothOff_Nominal
1002045,0.262,uA,34.219,uA,Pre-Stress_Iddhq_BothOff_Nominal
1002050,-11.901,nA,281.396,nA,Pre-Stress_Iddhq_rst_BothOff_Nominal
1002060,-120,nA,799.569,nA,Pre-Stress_Ibstq_BothOff_Nominal
1002070,-39.492,nA,12,nA,Pre-Stress_Ldoin_BothOff_Nominal
1002080,-262.683,nA,140.930,nA,Pre-Stress_VXLeakage0V_BothOff_Nominal
1002090,-19.413,nA,563.039,nA,Pre-Stress_VXLeakageVddh_BothOff_Nominal
1002110,-50,mV,50,mV,Pre-Stress_VXVerify_LSon_Nominal
1002130,-9.316,uA,-4.512,uA,Pre-Stress_Ipgm1q_LSon_Nominal
1002135,1.313,mA,2.564,mA,Pre-Stress_Iddq_LSon_Nominal
1002140,-35.174,nA,625.077,nA,Pre-Stress_Iccq_Nom_LSon_Nominal
1002141,-20.635,nA,303.159,nA,Pre-Stress_Iccq_1.71V_LSon_Nominal
1002142,-7.612,uA,84.997,uA,Pre-Stress_Iccq_1.95V_LSon_Nominal
1002145,0.261,uA,34.187,uA,Pre-Stress_Iddhq_LSon_Nominal
1002150,-13.422,nA,253.412,nA,Pre-Stress_Iddhq_rst_LSon_Nominal
1002160,-48.685,nA,647.069,nA,Pre-Stress_Ibstq_LSon_Nominal
1002170,-38.647,nA,-2.068,nA,Pre-Stress_Ldoin_LSon_Nominal
1002210,11.980,V,12.010,V,Pre-Stress_VXVerify_HSon_Nominal
1002230,-16.039,uA,-1.892,uA,Pre-Stress_Ipgm1q_HSon_Nominal
1002235,1.100,mA,2.808,mA,Pre-Stress_Iddq_HSon_Nominal
1002240,-59.315,nA,698.880,nA,Pre-Stress_Iccq_Nom_HSon_Nominal
1002241,-58.265,nA,607.114,nA,Pre-Stress_Iccq_1.71V_HSon_Nominal
1002242,-75.352,nA,2781.810,nA,Pre-Stress_Iccq_1.95V_HSon_Nominal
1002245,0.235,uA,35.110,uA,Pre-Stress_Iddhq_HSon_Nominal
1002250,-0.057,uA,0.774,uA,Pre-Stress_Iddhq_rst_HSon_Nominal
1002260,43.116,nA,874.630,nA,Pre-Stress_Ibstq_HSon_Nominal
1002270,-20.249,nA,12,nA,Pre-Stress_Ldoin_HSon_Nominal
1002280,-8.667,uA,46.261,uA,Pre-Stress_Iddq_AllOff_Nominal
1004510,0,none,0,none,T004.Scan.StuckAt.out1
1004530,0,none,0,none,T004.Scan.TDelay.out1
1004570,0,none,0,none,T004.Scan.IDDQ.out
220020,0,none,0,none,read
220030,0,none,138,none,trimmed
220050,1,none,1,none,pre
220060,1,none,1,none,pre
220070,1,none,1,none,pre
2000000,0,none,255,none,pre
2000001,0,none,255,none,pre
2000002,0,none,255,none,pre
2000003,0,none,255,none,pre
2000004,0,none,255,none,pre
2000005,0,none,255,none,pre
2000006,0,none,255,none,pre
2000007,0,none,255,none,pre
2000008,0,none,255,none,pre
2000009,0,none,255,none,pre
2000010,0,none,255,none,pre
2000011,0,none,255,none,pre
2000012,0,none,255,none,pre
2000013,0,none,255,none,pre
2000014,0,none,255,none,pre
2000015,0,none,255,none,pre
2000016,0,none,255,none,pre
2000017,0,none,255,none,pre
2000018,0,none,255,none,pre
2000019,0,none,255,none,pre
2000020,0,none,255,none,pre
2000021,0,none,255,none,pre
2000022,0,none,255,none,pre
2000023,0,none,255,none,pre
2000024,0,none,255,none,pre
2000025,0,none,255,none,pre
2000026,0,none,255,none,pre
2000027,0,none,255,none,pre
2000028,0,none,255,none,pre
2000029,0,none,255,none,pre
2000030,0,none,255,none,pre
2000031,0,none,255,none,pre
2000032,0,none,255,none,pre
2000033,0,none,255,none,pre
2000034,0,none,255,none,pre
2000035,0,none,255,none,pre
2000036,0,none,255,none,pre
2000037,0,none,255,none,pre
2000038,0,none,255,none,pre
2000039,0,none,255,none,pre
2000040,0,none,255,none,pre
2000041,0,none,255,none,pre
2000042,0,none,255,none,pre
2000043,0,none,255,none,pre
2000044,0,none,255,none,pre
2000045,0,none,255,none,pre
2000046,0,none,255,none,pre
2000047,0,none,255,none,pre
230020,0,none,1,none,trims
240020,0,none,0,none,read
240050,1,none,1,none,post
240060,1,none,1,none,post
240070,1,none,1,none,post
2100000,0,none,255,none,post
2100001,128,none,255,none,post
2100002,0,none,255,none,post
2100003,64,none,255,none,post
2100004,0,none,255,none,post
2100005,203,none,255,none,post
2100006,84,none,255,none,post
2100007,0,none,255,none,post
2100008,0,none,255,none,post
2100009,0,none,255,none,post
2100010,0,none,255,none,post
2100011,128,none,255,none,post
2100012,128,none,255,none,post
2100013,0,none,255,none,post
2100014,0,none,255,none,post
2100015,0,none,255,none,post
2100016,0,none,255,none,post
2100017,0,none,255,none,post
2100018,0,none,255,none,post
2100019,0,none,255,none,post
2100020,0,none,255,none,post
2100021,15,none,255,none,post
2100022,44,none,255,none,post
2100023,15,none,255,none,post
2100024,60,none,255,none,post
2100025,159,none,255,none,post
2100026,61,none,255,none,post
2100027,159,none,255,none,post
2100028,77,none,255,none,post
2100029,159,none,255,none,post
2100030,93,none,255,none,post
2100031,159,none,255,none,post
2100032,125,none,255,none,post
2100033,32,none,255,none,post
2100034,160,none,255,none,post
2100035,10,none,255,none,post
2100036,62,none,255,none,post
2100037,2,none,255,none,post
2100038,144,none,255,none,post
2100039,10,none,255,none,post
2100040,71,none,255,none,post
2100041,72,none,255,none,post
2100042,2,none,255,none,post
2100043,160,none,255,none,post
2100044,192,none,255,none,post
2100045,0,none,255,none,post
2100046,128,none,255,none,post
2100047,94,none,255,none,post
250010,0,none,0,none,failure
250020,0,none,5,none,failure
250030,,,,,Coordinate
250040,,,,,Coordinate
250050,,,,,ID
250060,,,,,1=Yes)
250070,,,,,Number
1100040,1207.280,mV,1210.220,mV,post
1100140,1248.500,mV,1251.500,mV,REF_post
1100142,,,,,REF_post_AVDD_1p95V
1100141,,,,,REF_post_AVDD_1p71V
1101040,9.970,uA,10.030,uA,I_0ppm_trim_post
1101060,9.960,uA,10.040,uA,I_0ppm_trim_post_AVDD_1p95V
1101050,9.960,uA,10.040,uA,I_0ppm_trim_post_AVDD_1p71V
1102040,360,KHz,390.500,KHz,Osc_trim_post
1102060,358.500,KHz,391.500,KHz,Osc_trim_post_AVDD_1p95V
1102050,358.500,KHz,391.500,KHz,Osc_trim_post_AVDD_1p71V
1110040,1.456,KOhm,1.740,KOhm,RPH_trim_post
1220050,7.620,KOhm,8.030,KOhm,AFE_RPH_trim_post
1250040,1448,mV,1452,mV,SAR_VREFP_trim_post
1240040,199.100,mV,200.900,mV,SAR_VREFM_trim_post
1260040,862,mV,934,mV,SAR_VCM_trim_post
1516200,-13.500,uA,-4,uA,SAR_ADC_IDRV
1260050,11.650,V,12.350,V,AFE_ADC_VDDH
1201070,498,mV,502,mV,T201.A1_OFFSET_0p5_post
1201170,495,mV,505,mV,T201.A1_SNSN_neg150mV
1201110,495,mV,505,mV,T201.A1_SNSN_neg100mV
1201150,495,mV,505,mV,T201.A1_SNSN_neg50mV
1201160,495,mV,505,mV,T201.A1_SNSN_pos50mV
1201130,495,mV,505,mV,T201.A1_SNSN_pos100mV
1201180,495,mV,505,mV,T201.A1_SNSN_pos150mV
1203070,498,mV,502,mV,T120.Vout_offset_post
1201080,697.200,mV,702.800,mV,T201.A2_OFFSET_0p7_post
1203170,495,mV,505,mV,T120.Vout_SNSN_neg150mV
1203110,498,mV,502,mV,T120.Vout_SNSN_neg100mV
1203150,498,mV,502,mV,T120.Vout_SNSN_neg50mV
1203160,498,mV,502,mV,T120.Vout_SNSN_pos50mV
1203130,498,mV,502,mV,T120.Vout_SNSN_pos100mV
1203180,498,mV,502,mV,T120.Vout_SNSN_pos150mV
1203210,397.600,mV,402.400,mV,T120.Vout_0p4V_SNSN_neg100mV
1203220,397.600,mV,402.400,mV,T120.Vout_0p4V_SNSN_pos100mV
1203230,597.210,mV,602.010,mV,T120.Vout_0p6V_SNSN_neg100mV
1203240,597.210,mV,602.010,mV,T120.Vout_0p6V_SNSN_pos100mV
1203250,695.800,mV,704.200,mV,T120.Vout_0p7V_SNSN_neg100mV
1203260,695.800,mV,704.200,mV,T120.Vout_0p7V_SNSN_pos100mV
1203270,795.200,mV,804.800,mV,T120.Vout_0p8V_SNSN_neg100mV
1203280,795.200,mV,804.800,mV,T120.Vout_0p8V_SNSN_pos100mV
1203212,396,mV,404,mV,T120.Vout_0p4V_SNSN_neg100mV_AVDD_1p95V
1203222,396,mV,404,mV,T120.Vout_0p4V_SNSN_pos100mV_AVDD_1p95V
1203272,795.630,mV,805,mV,T120.Vout_0p8V_SNSN_neg100mV_AVDD_1p95V
1203282,795.630,mV,805,mV,T120.Vout_0p8V_SNSN_pos100mV_AVDD_1p95V
1203211,396,mV,404,mV,T120.Vout_0p4V_SNSN_neg100mV_AVDD_1p71V
1203221,396,mV,404,mV,T120.Vout_0p4V_SNSN_pos100mV_AVDD_1p71V
1203271,795.630,mV,805,mV,T120.Vout_0p8V_SNSN_neg100mV_AVDD_1p71V
1203281,795.630,mV,805,mV,T120.Vout_0p8V_SNSN_pos100mV_AVDD_1p71V
1612001,396.387,mV,404.395,mV,VoutLevels.205
1612002,398.320,mV,406.367,mV,VoutLevels.206
1612003,400.254,mV,408.340,mV,VoutLevels.207
1612004,402.187,mV,410.313,mV,VoutLevels.208
1612005,404.121,mV,412.285,mV,VoutLevels.209
1612006,406.055,mV,414.258,mV,VoutLevels.210
1612007,407.988,mV,416.230,mV,VoutLevels.211
1612008,409.922,mV,418.203,mV,VoutLevels.212
1612009,411.855,mV,420.176,mV,VoutLevels.213
1612010,413.789,mV,422.148,mV,VoutLevels.214
1612011,415.723,mV,424.121,mV,VoutLevels.215
1612012,417.656,mV,426.094,mV,VoutLevels.216
1612013,419.590,mV,428.066,mV,VoutLevels.217
1612014,421.523,mV,430.039,mV,VoutLevels.218
1612015,423.457,mV,432.012,mV,VoutLevels.219
1612016,425.391,mV,433.984,mV,VoutLevels.220
1612017,427.324,mV,435.957,mV,VoutLevels.221
1612018,429.258,mV,437.930,mV,VoutLevels.222
1612019,431.191,mV,439.902,mV,VoutLevels.223
1612020,433.125,mV,441.875,mV,VoutLevels.224
1612021,435.059,mV,443.848,mV,VoutLevels.225
1612022,436.992,mV,445.820,mV,VoutLevels.226
1612023,438.926,mV,447.793,mV,VoutLevels.227
1612024,440.859,mV,449.766,mV,VoutLevels.228
1612025,442.793,mV,451.738,mV,VoutLevels.229
1612026,444.727,mV,453.711,mV,VoutLevels.230
1612027,446.660,mV,455.684,mV,VoutLevels.231
1612028,448.594,mV,457.656,mV,VoutLevels.232
1612029,450.527,mV,459.629,mV,VoutLevels.233
1612030,452.461,mV,461.602,mV,VoutLevels.234
1612031,454.395,mV,463.574,mV,VoutLevels.235
1612032,456.328,mV,465.547,mV,VoutLevels.236
1612033,458.262,mV,467.520,mV,VoutLevels.237
1612034,460.195,mV,469.492,mV,VoutLevels.238
1612035,462.129,mV,471.465,mV,VoutLevels.239
1612036,464.063,mV,473.437,mV,VoutLevels.240
1612037,465.996,mV,475.410,mV,VoutLevels.241
1612038,467.930,mV,477.383,mV,VoutLevels.242
1612039,469.863,mV,479.355,mV,VoutLevels.243
1612040,471.797,mV,481.328,mV,VoutLevels.244
1612041,473.730,mV,483.301,mV,VoutLevels.245
1612042,475.664,mV,485.273,mV,VoutLevels.246
1612043,477.598,mV,487.246,mV,VoutLevels.247
1612044,479.531,mV,489.219,mV,VoutLevels.248
1612045,481.465,mV,491.191,mV,VoutLevels.249
1612046,483.398,mV,493.164,mV,VoutLevels.250
1612047,485.332,mV,495.137,mV,VoutLevels.251
1612048,487.266,mV,497.109,mV,VoutLevels.252
1612049,489.199,mV,499.082,mV,VoutLevels.253
1612050,491.133,mV,501.055,mV,VoutLevels.254
1612051,493.066,mV,503.027,mV,VoutLevels.255
1612052,495,mV,505,mV,VoutLevels.256
1612053,496.934,mV,506.973,mV,VoutLevels.257
1612054,498.867,mV,508.945,mV,VoutLevels.258
1612055,500.801,mV,510.918,mV,VoutLevels.259
1612056,502.734,mV,512.891,mV,VoutLevels.260
1612057,504.668,mV,514.863,mV,VoutLevels.261
1612058,506.602,mV,516.836,mV,VoutLevels.262
1612059,508.535,mV,518.809,mV,VoutLevels.263
1612060,510.469,mV,520.781,mV,VoutLevels.264
1612061,512.402,mV,522.754,mV,VoutLevels.265
1612062,514.336,mV,524.727,mV,VoutLevels.266
1612063,516.270,mV,526.699,mV,VoutLevels.267
1612064,518.203,mV,528.672,mV,VoutLevels.268
1612065,520.137,mV,530.645,mV,VoutLevels.269
1612066,522.070,mV,532.617,mV,VoutLevels.270
1612067,524.004,mV,534.590,mV,VoutLevels.271
1612068,525.937,mV,536.563,mV,VoutLevels.272
1612069,527.871,mV,538.535,mV,VoutLevels.273
1612070,529.805,mV,540.508,mV,VoutLevels.274
1612071,531.738,mV,542.480,mV,VoutLevels.275
1612072,533.672,mV,544.453,mV,VoutLevels.276
1612073,535.605,mV,546.426,mV,VoutLevels.277
1612074,537.539,mV,548.398,mV,VoutLevels.278
1612075,539.473,mV,550.371,mV,VoutLevels.279
1612076,541.406,mV,552.344,mV,VoutLevels.280
1612077,543.340,mV,554.316,mV,VoutLevels.281
1612078,545.273,mV,556.289,mV,VoutLevels.282
1612079,547.207,mV,558.262,mV,VoutLevels.283
1612080,549.141,mV,560.234,mV,VoutLevels.284
1612081,551.074,mV,562.207,mV,VoutLevels.285
1612082,553.008,mV,564.180,mV,VoutLevels.286
1612083,554.941,mV,566.152,mV,VoutLevels.287
1612084,556.875,mV,568.125,mV,VoutLevels.288
1612085,558.809,mV,570.098,mV,VoutLevels.289
1612086,560.742,mV,572.070,mV,VoutLevels.290
1612087,562.676,mV,574.043,mV,VoutLevels.291
1612088,564.609,mV,576.016,mV,VoutLevels.292
1612089,566.543,mV,577.988,mV,VoutLevels.293
1612090,568.477,mV,579.961,mV,VoutLevels.294
1612091,570.410,mV,581.934,mV,VoutLevels.295
1612092,572.344,mV,583.906,mV,VoutLevels.296
1612093,574.277,mV,585.879,mV,VoutLevels.297
1612094,576.211,mV,587.852,mV,VoutLevels.298
1612095,578.145,mV,589.824,mV,VoutLevels.299
1612096,580.078,mV,591.797,mV,VoutLevels.300
1612097,582.012,mV,593.770,mV,VoutLevels.301
1612098,583.945,mV,595.742,mV,VoutLevels.302
1612099,585.879,mV,597.715,mV,VoutLevels.303
1612100,587.812,mV,599.688,mV,VoutLevels.304
1612101,589.746,mV,601.660,mV,VoutLevels.305
1612102,591.680,mV,603.633,mV,VoutLevels.306
1612103,593.613,mV,605.605,mV,VoutLevels.307
1612104,595.547,mV,607.578,mV,VoutLevels.308
1612105,597.480,mV,609.551,mV,VoutLevels.309
1612106,599.414,mV,611.523,mV,VoutLevels.310
1612107,601.348,mV,613.496,mV,VoutLevels.311
1612108,603.281,mV,615.469,mV,VoutLevels.312
1612109,605.215,mV,617.441,mV,VoutLevels.313
1612110,607.148,mV,619.414,mV,VoutLevels.314
1612111,609.082,mV,621.387,mV,VoutLevels.315
1612112,611.016,mV,623.359,mV,VoutLevels.316
1612113,612.949,mV,625.332,mV,VoutLevels.317
1612114,614.883,mV,627.305,mV,VoutLevels.318
1612115,616.816,mV,629.277,mV,VoutLevels.319
1612116,618.750,mV,631.250,mV,VoutLevels.320
1612117,620.684,mV,633.223,mV,VoutLevels.321
1612118,622.617,mV,635.195,mV,VoutLevels.322
1612119,624.551,mV,637.168,mV,VoutLevels.323
1612120,626.484,mV,639.141,mV,VoutLevels.324
1612121,628.418,mV,641.113,mV,VoutLevels.325
1612122,630.352,mV,643.086,mV,VoutLevels.326
1612123,632.285,mV,645.059,mV,VoutLevels.327
1612124,634.219,mV,647.031,mV,VoutLevels.328
1612125,636.152,mV,649.004,mV,VoutLevels.329
1612126,638.086,mV,650.977,mV,VoutLevels.330
1612127,640.020,mV,652.949,mV,VoutLevels.331
1612128,641.953,mV,654.922,mV,VoutLevels.332
1612129,643.887,mV,656.895,mV,VoutLevels.333
1612130,645.820,mV,658.867,mV,VoutLevels.334
1612131,647.754,mV,660.840,mV,VoutLevels.335
1612132,649.688,mV,662.812,mV,VoutLevels.336
1612133,651.621,mV,664.785,mV,VoutLevels.337
1612134,653.555,mV,666.758,mV,VoutLevels.338
1612135,655.488,mV,668.730,mV,VoutLevels.339
1612136,657.422,mV,670.703,mV,VoutLevels.340
1612137,659.355,mV,672.676,mV,VoutLevels.341
1612138,661.289,mV,674.648,mV,VoutLevels.342
1612139,663.223,mV,676.621,mV,VoutLevels.343
1612140,665.156,mV,678.594,mV,VoutLevels.344
1612141,667.090,mV,680.566,mV,VoutLevels.345
1612142,669.023,mV,682.539,mV,VoutLevels.346
1612143,670.957,mV,684.512,mV,VoutLevels.347
1612144,672.891,mV,686.484,mV,VoutLevels.348
1612145,674.824,mV,688.457,mV,VoutLevels.349
1612146,676.758,mV,690.430,mV,VoutLevels.350
1612147,678.691,mV,692.402,mV,VoutLevels.351
1612148,680.625,mV,694.375,mV,VoutLevels.352
1612149,682.559,mV,696.348,mV,VoutLevels.353
1612150,684.492,mV,698.320,mV,VoutLevels.354
1612151,686.426,mV,700.293,mV,VoutLevels.355
1612152,688.359,mV,702.266,mV,VoutLevels.356
1612153,690.293,mV,704.238,mV,VoutLevels.357
1612154,692.227,mV,706.211,mV,VoutLevels.358
1612155,694.160,mV,708.184,mV,VoutLevels.359
1612156,696.094,mV,710.156,mV,VoutLevels.360
1612157,698.027,mV,712.129,mV,VoutLevels.361
1612158,699.961,mV,714.102,mV,VoutLevels.362
1612159,701.895,mV,716.074,mV,VoutLevels.363
1612160,703.828,mV,718.047,mV,VoutLevels.364
1612161,705.762,mV,720.020,mV,VoutLevels.365
1612162,707.695,mV,721.992,mV,VoutLevels.366
1612163,709.629,mV,723.965,mV,VoutLevels.367
1612164,711.563,mV,725.937,mV,VoutLevels.368
1612165,713.496,mV,727.910,mV,VoutLevels.369
1612166,715.430,mV,729.883,mV,VoutLevels.370
1612167,717.363,mV,731.855,mV,VoutLevels.371
1612168,719.297,mV,733.828,mV,VoutLevels.372
1612169,721.230,mV,735.801,mV,VoutLevels.373
1612170,723.164,mV,737.773,mV,VoutLevels.374
1612171,725.098,mV,739.746,mV,VoutLevels.375
1612172,727.031,mV,741.719,mV,VoutLevels.376
1612173,728.965,mV,743.691,mV,VoutLevels.377
1612174,730.898,mV,745.664,mV,VoutLevels.378
1612175,732.832,mV,747.637,mV,VoutLevels.379
1612176,734.766,mV,749.609,mV,VoutLevels.380
1612177,736.699,mV,751.582,mV,VoutLevels.381
1612178,738.633,mV,753.555,mV,VoutLevels.382
1612179,740.566,mV,755.527,mV,VoutLevels.383
1612180,742.500,mV,757.500,mV,VoutLevels.384
1612181,744.434,mV,759.473,mV,VoutLevels.385
1612182,746.367,mV,761.445,mV,VoutLevels.386
1612183,748.301,mV,763.418,mV,VoutLevels.387
1612184,750.234,mV,765.391,mV,VoutLevels.388
1612185,752.168,mV,767.363,mV,VoutLevels.389
1612186,754.102,mV,769.336,mV,VoutLevels.390
1612187,756.035,mV,771.309,mV,VoutLevels.391
1612188,757.969,mV,773.281,mV,VoutLevels.392
1612189,759.902,mV,775.254,mV,VoutLevels.393
1612190,761.836,mV,777.227,mV,VoutLevels.394
1612191,763.770,mV,779.199,mV,VoutLevels.395
1612192,765.703,mV,781.172,mV,VoutLevels.396
1612193,767.637,mV,783.145,mV,VoutLevels.397
1612194,769.570,mV,785.117,mV,VoutLevels.398
1612195,771.504,mV,787.090,mV,VoutLevels.399
1612196,773.438,mV,789.062,mV,VoutLevels.400
1612197,775.371,mV,791.035,mV,VoutLevels.401
1612198,777.305,mV,793.008,mV,VoutLevels.402
1612199,779.238,mV,794.980,mV,VoutLevels.403
1612200,781.172,mV,796.953,mV,VoutLevels.404
1612201,783.105,mV,798.926,mV,VoutLevels.405
1612202,785.039,mV,800.898,mV,VoutLevels.406
1612203,786.973,mV,802.871,mV,VoutLevels.407
1612204,788.906,mV,804.844,mV,VoutLevels.408
1612205,790.840,mV,806.816,mV,VoutLevels.409
1612206,792.773,mV,808.789,mV,VoutLevels.410
1611001,397.988,mV,402.793,mV,VoutLevels_Prod.0xCD
1611002,446.523,mV,451.914,mV,VoutLevels_Prod.0xE6
1611003,497,mV,503,mV,VoutLevels_Prod.0x100
1611004,547.476,mV,554.086,mV,VoutLevels_Prod.0x11A
1611005,596.012,mV,603.207,mV,VoutLevels_Prod.0x133
1611006,595.547,mV,607.578,mV,VoutLevels_Prod.0x134
1611007,643.887,mV,656.895,mV,VoutLevels_Prod.0x14D
1611008,692.227,mV,706.211,mV,VoutLevels_Prod.0x166
1611009,742.500,mV,757.500,mV,VoutLevels_Prod.0x180
1611010,790.840,mV,806.816,mV,VoutLevels_Prod.0x199
1607020,493.100,mV,503.600,mV,PMBUS.READ_VOUT.0p5
1607021,-0.840,%,1.348,%,PMBUS.READ_VOUT.0p5_Accuracy
1607022,394.600,mV,402.600,mV,PMBUS.READ_VOUT.0xCD
1607023,-0.886,%,1.400,%,PMBUS.READ_VOUT.0xCD_Accuracy
1607024,792,mV,802.400,mV,PMBUS.READ_VOUT.0x199
1607025,-0.369,%,1.222,%,PMBUS.READ_VOUT.0x199_Accuracy
1607030,11.840,V,12.291,V,PMBUS.READ_VIN.12V
1607040,2.230,V,2.370,V,PMBUS.READ_VIN.2p3V
1607050,15.650,V,16.350,V,PMBUS.READ_VIN.16V
1607051,15.150,V,15.850,V,PMBUS.READ_VIN.15p5V
1607060,0,code,1,code,SAR.sat_bit.atCal.VIN.VOUT
1607061,0,code,255,code,ADC.CAP.CAL.byte.atCal.VIN.VOUT
1607120,492.400,mV,505.950,mV,PMBUS.READ_VOUT.0p5.resetCal
1607122,392.700,mV,406.800,mV,PMBUS.READ_VOUT.0xCD.resetCal
1607124,791.200,mV,804.500,mV,PMBUS.READ_VOUT.0x199.resetCal
1607130,11.837,V,12.293,V,PMBUS.READ_VIN.12V.resetCal
1607140,2.233,V,2.368,V,PMBUS.READ_VIN.2p3V.resetCal
1607150,15.924,V,16.038,V,PMBUS.READ_VIN.16V.resetCal
1607151,0,code,1,code,SAR.sat_bit.resetCal.VIN.VOUT
1607152,0,code,255,code,ADC.CAP.CAL.byte.resetCal.VIN.VOUT
1205040,138,V/us,161,V/us,T205.IRAMP_post
1207040,44,%,56,%,T208.DEM_RAMP_post
1260060,-371,mV,-270,mV,DAC2_A1Out_Error_0p6V_in_600daccode
1260070,-55,mV,58,mV,DAC2_A1Out_Offset_0p5V_in_600daccode
1230040,770,mV,817.100,mV,TEMP_SENSOR_trim_post
1230041,17,Cel,31,Cel,TEMP_SENSOR_trim_READ_TEMP_post
1230050,0,code,1,code,SAR.sat_bit.atCal.TEMP
1230051,0,code,255,code,ADC.CAP.CAL.byte.atCal.TEMP
1230141,17,Cel,31,Cel,TEMP_SENSOR_trim_READ_TEMP_post.resetCal
1230150,0,code,1,code,SAR.sat_bit.atCal.TEMP
1230151,0,code,255,code,ADC.CAP.CAL.byte.resetCal.TEMP
1230160,-1,none,4,none,SWBin_Fail
1209075,-10,mV,10,mV,T209.VERIFY_LS_ON
1209080,38.885,uA/A,40.085,uA/A,T209.LS_IRECON_GAIN_post
1209090,-0.480,uA,0.480,uA,T209.LS_IRECON_OFFSET_post
1213045,11.500,V,12.500,V,T213.VERIFY_HS_ON
1213050,26.400,uA/A,27.120,uA/A,T213.HS_IRECON_GAIN_post
1214040,-0.480,uA,0.480,uA,T213.HS_IRECON_OFFSET_post
1217200,11.500,V,12.500,V,T957.VERIFY_HS_ON
1217100,1068,mA,1176.300,mA,T957.IRECON_OCP_post
1217210,872,mA,1072,mA,T957.IRECON_OCP_01
1217220,738.540,mA,907.770,mA,T957.IRECON_OCP_10
1217230,604.080,mA,742.540,mA,T957.IRECON_OCP_11
1219200,11.500,V,12.500,V,VERIFY_HS_ON
1219110,1.444,A,1.513,A,FAST_POCP_post
1260080,11.500,V,12.500,V,Verify_HS_On
1260082,-1,mA,1,mA,LX_Current_Forced_HS_0A
1260083,0,mV,200,mV,HS_IOUT_VPGM1_0A
1260084,0,mV,200,mV,HS_IOUT_VPGM0_0A
1260085,-15.640,mV,15.640,mV,HS_ADC_IOUT_LX_0A
1260087,-1.170,A,-1.070,A,LX_Current_Forced_HS_15A
1260088,200,mV,800,mV,HS_IOUT_VPGM1_15A
1260089,0,mV,200,mV,HS_IOUT_VPGM0_15A
1260090,211.140,mV,258.060,mV,HS_ADC_IOUT_LX_15A
1260091,-1.546,A,-1.446,A,LX_Current_Forced_HS_20A
1260092,230,mV,770,mV,HS_IOUT_VPGM1_20A
1260093,10,mV,190,mV,HS_IOUT_VPGM0_20A
1260094,289.340,mV,336.260,mV,HS_ADC_IOUT_LX_20A
1260095,-10,mV,10,mV,Verify_LS_On
1260097,-1,mA,1,mA,LX_Current_Forced_LS_0A
1260098,0,mV,200,mV,LS_IOUT_VPGM1_0A
1260099,0,mV,200,mV,LS_IOUT_VPGM0_0A
1260100,-15.640,mV,15.640,mV,LS_ADC_IOUT_LX_0A
1260102,-810,mA,-710,mA,LX_Current_Forced_LS_15A
1260103,200,mV,800,mV,LS_IOUT_VPGM1_15A
1260104,0,mV,200,mV,LS_IOUT_VPGM0_15A
1260105,211.140,mV,258.060,mV,LS_ADC_IOUT_LX_15A
1260106,-1.063,A,-0.963,A,LX_Current_Forced_LS_20A
1260107,230,mV,770,mV,LS_IOUT_VPGM1_20A
1260108,10,mV,190,mV,LS_IOUT_VPGM0_20A
1260109,289.340,mV,336.260,mV,LS_ADC_IOUT_LX_20A
1551010,-100,nA,100,nA,PGM0_LEAKAGE_0V
1551020,-60,nA,600,nA,PGM0_LEAKAGE_1.25V
1551030,-100,nA,100,nA,PGM1_LEAKAGE_0V
1551040,-200,nA,500,nA,PGM1_LEAKAGE_1.25V
1503020,1.300,V,1.800,V,T302.BST_UVLO_GNG_FMAX
1503010,0,mV,200,mV,T302.BST_UVLO_GNG_FMIN
1503080,1.300,V,1.800,V,T302.BST_UVLO_GNG_RMAX
1503070,0,mV,200,mV,T302.BST_UVLO_GNG_RMIN
1503030,1.440,V,1.580,V,T302.BST_UVLO_FALLING_THRESHOLD
1503090,1.480,V,1.640,V,T302.BST_UVLO_RISING_THRESHOLD
1503130,10,mV,80,mV,T302.BST_UVLO_HYSTERESIS
1504010,-10,mV,10,mV,T967.BST_REG.VXverify_LS_ON
1504030,1.750,V,1.860,V,T967.BST_REG.BST_REG_NOM
1504130,1.710,V,1.835,V,T967.BST_REG.BST_40mA_LOAD
1505010,0.150,Ohm,1.600,Ohm,T967.BST_REG.BST_RDSON
1504150,-700,mV,700,mV,T967.BST_REG.VX_TRI_VER
1504310,5.600,Ohm,22,Ohm,T967.BST_REG.BST_ROUT.LX_0V
1504320,4,Ohm,22,Ohm,T967.BST_REG.BST_ROUT.LX_5p5V
1504170,-1.500,mA,4.200,mA,T967.BST_REG.IBST_0.8V
1504190,-1.500,mA,8.220,mA,T967.BST_REG.IBST_12V
1504230,0,V,0.500,V,T967.BST_REG.BST_HDRM
1505520,1.300,V,1.800,V,BST_SUPPLY_OK_GNG_FMAX
1505510,0,mV,200,mV,BST_SUPPLY_OK_GNG_FMIN
1505580,1.300,V,1.800,V,BST_SUPPLY_OK_GNG_RMAX
1505570,0,mV,200,mV,BST_SUPPLY_OK_GNG_RMIN
1505530,1.650,V,2.240,V,BST_SUPPLY_OK_FALLING_THRESHOLD
1505590,1.650,V,2.240,V,BST_SUPPLY_OK_RISING_THRESHOLD
1505630,-20,mV,20,mV,BST_SUPPLY_OK_HYSTERESIS
1506010,0,mV,200,mV,T302.VDDH_UVLO_GNG_FMAX
1506020,1.400,V,1.700,V,T302.VDDH_UVLO_GNG_FMIN
1506030,1.400,V,1.700,V,T302.VDDH_UVLO_GNG_RMIN
1506040,0,mV,200,mV,T302.VDDH_UVLO_GNG_RMAX
1506050,2.300,V,2.500,V,T302.VDDH_UVLO_FALLING_THRESHOLD
1506060,2.400,V,2.600,V,T302.VDDH_UVLO_RISING_THRESHOLD
1506070,50,mV,350,mV,T302.VDDH_UVLO_HYSTERESIS
1507010,0,mV,200,mV,T302.AVDD_UVLO_GNG_FMAX
1507020,1.400,V,1.700,V,T302.AVDD_UVLO_GNG_FMIN
1507030,1.400,V,1.700,V,T302.AVDD_UVLO_GNG_RMIN
1507040,0,mV,200,mV,T302.AVDD_UVLO_GNG_RMAX
1507050,1.590,V,1.640,V,T302.AVDD_UVLO_FALLING_THRESHOLD
1507060,1.650,V,1.700,V,T302.AVDD_UVLO_RISING_THRESHOLD
1507070,49.600,mV,57.600,mV,T302.AVDD_UVLO_HYSTERESIS
1507510,0,mV,200,mV,T302.DIG_RESET_UVLO_GNG_FMAX
1507520,1.400,V,1.700,V,T302.DIG_RESET_UVLO_GNG_FMIN
1507530,1.400,V,1.700,V,T302.DIG_RESET_UVLO_GNG_RMIN
1507540,0,mV,200,mV,T302.DIG_RESET_UVLO_GNG_RMAX
1507550,1.430,V,1.620,V,T302.DIG_RESET_UVLO_FALLING_THRESHOLD
1507560,1.550,V,1.709,V,T302.DIG_RESET_UVLO_RISING_THRESHOLD
1507570,50,mV,250,mV,T302.DIG_RESET_UVLO_THRESHOLD_HYSTERESIS
1508010,1.400,V,1.700,V,T302.LDOIN_UVLO_GNG_FMAX
1508020,0,mV,200,mV,T302.LDOIN_UVLO_GNG_FMIN
1508030,0,mV,200,mV,T302.LDOIN_UVLO_GNG_RMIN
1508040,1.400,V,1.700,V,T302.LDOIN_UVLO_GNG_RMAX
1508050,2.160,V,2.290,V,T302.LDOIN_UVLO_FALLING_THRESHOLD
1508060,2.260,V,2.400,V,T302.LDOIN_UVLO_RISING_THRESHOLD
1508070,50,mV,150,mV,T302.LDOIN_UVLO_THRESHOLD_Hysteresis
1509010,0,mV,200,mV,T302.VDDH_OVLO_GNG_RMIN
1509020,1.400,V,1.700,V,T302.VDDH_OVLO_GNG_RMAX
1509030,1.400,V,1.700,V,T302.VDDH_OVLO_GNG_FMAX
1509040,0,mV,200,mV,T302.VDDH_OVLO_GNG_FMIN
1509050,17.300,V,18.300,V,T302.VDDH_OVLO_RISING_THRESHOLD
1509060,16.800,V,17.800,V,T302.VDDH_OVLO_FALLING_THRESHOLD
1509070,100,mV,1000,mV,T302.VDDH_OVLO_THRESHOLD_HYSTERESIS
1515010,0,mV,200,mV,EN_VTH_NOGO_RISE
1515020,1.400,V,1.700,V,EN_VTH_GO_RISE
1515030,0,mV,200,mV,EN_VTH_NOGO_FALL
1515040,1.400,V,1.700,V,EN_VTH_GO_FALL
1515050,0.800,V,0.900,V,EN_RISING_THRESHOLD
1515060,0.600,V,0.700,V,EN_FALLING_THRESHOLD
1515070,100,mV,300,mV,EN_THRESHOLD_HYSTERESIS
1542010,220,mV,360,mV,PGOOD_VOL_4mA
1542030,140,mV,400,mV,PGOOD_VOL_4mA_AVDD_1p71V
1542040,140,mV,400,mV,PGOOD_VOL_4mA_AVDD_1p95V
1520000,11.500,V,12.500,V,T964.VERIFY_HS_ON
1520010,790,mA,810,mA,T964.LX_Meas
1520030,0,mV,20,mV,T964.VHS_Meas
1520050,1,mOhm,25,mOhm,HS_RDSON_00
1520070,3.300,mOhm,31,mOhm,HS_RDSON_01
1520090,4,mOhm,33.800,mOhm,HS_RDSON_10
1520110,29,mOhm,142,mOhm,HS_RDSON_11
1521000,-10,mV,10,mV,VERIFY_LS_ON
1521010,2,mOhm,15,mOhm,LS_RDSON_000
1521030,4,mOhm,18,mOhm,LS_RDSON_001
1521050,4,mOhm,20,mOhm,LS_RDSON_010
1521070,8,mOhm,34,mOhm,LS_RDSON_011
1521090,4,mOhm,16,mOhm,LS_RDSON_100
1521110,4,mOhm,24,mOhm,LS_RDSON_101
1521130,4,mOhm,18,mOhm,LS_RDSON_110
1521150,30,mOhm,100,mOhm,LS_RDSON_111
1518010,1.400,V,1.700,V,SYSTEM_OVP_GNG_FMIN
1518020,0,V,0.200,V,SYSTEM_OVP_GNG_FMAX
1518030,1.400,V,1.700,V,SYSTEM_OVP_GNG_RMIN
1518040,0,V,0.200,V,SYSTEM_OVP_GNG_RMAX
1518050,550,mV,580,mV,SYSTEM_OVP_RISING_THRESHOLD
1518060,550,mV,580,mV,SYSTEM_OVP_FALLING_THRESHOLD
1518070,-20,mV,20,mV,SYSTEM_OVP_HYSTERESIS
1519010,0,V,0.200,V,SYSTEM_UVP_GNG_FMIN
1519020,1.400,V,1.700,V,SYSTEM_UVP_GNG_FMAX
1519030,0,V,0.200,V,SYSTEM_UVP_GNG_RMIN
1519040,1.400,V,1.700,V,SYSTEM_UVP_GNG_RMAX
1519050,420,mV,480,mV,SYSTEM_UVP_RISING_THRESHOLD
1519060,420,mV,450,mV,SYSTEM_UVP_FALLING_THRESHOLD
1519070,-20,mV,20,mV,SYSTEM_UVP_HYSTERESIS
1534010,30,ns,100,ns,HS_LS_MIN_ONTIME
1534020,20,us,58.500,us,PWM_MIN_ONTIME
1535010,3.460,us,9.600,us,T535.HS_ONE_SHOT
1535030,3.600,us,7.100,us,T535.LS_ONE_SHOT
1535050,40,us,95,us,T535.IRECON_BLANK_TIME
1539080,1.400,V,1.700,V,T962.LS_VX_SHORT_GNG_RISE_HI
1539090,0,mV,200,mV,T962.LS_VX_SHORT_GNG_RISE_LO
1539100,0,mV,200,mV,T962.LS_VX_SHORT_GNG_FALL_LO
1539110,1.400,V,1.700,V,T962.LX_VX_SHORT_GNG_FALL_HI
1539120,228,mV,540,mV,T962.LS_VX_SHORT_RISING_THRESHOLD
1539130,177,mV,486,mV,T962.LS_VX_SHORT_FALLING_THRESHOLD
1539140,24,mV,80,mV,T962.LS_VX_SHORT_HYSTERESIS
1544010,1.770,V,1.830,V,LDO.VDDH_12V.LDOIN_0V_LOAD_1mA
1544020,1.720,V,1.840,V,LDO.VDDH_12V.LDOIN_0V_LOAD_50mA
1544030,1.770,V,1.830,V,LDO.VDDH_12V.LDOIN_5p5V_LOAD_1mA
1544040,1.740,V,1.830,V,LDO.VDDH_12V.LDOIN_5p5V_LOAD_50mA
1544042,1.770,V,1.830,V,LDO.VDDH_12V.LDOIN_3p3V_LOAD_1mA
1544044,1.750,V,1.825,V,LDO.VDDH_12V.LDOIN_3p3V_LOAD_50mA
1544046,1.770,V,1.830,V,LDO.VDDH_12V.LDOIN_2p5V_LOAD_1mA
1544048,1.760,V,1.820,V,LDO.VDDH_12V.LDOIN_2p5V_LOAD_50mA
1544050,1.770,V,1.830,V,LDO.VDDH_16V.LDOIN_0V_LOAD_1mA
1544060,1.720,V,1.840,V,LDO.VDDH_16V.LDOIN_0V_LOAD_50mA
1544090,1.770,V,1.830,V,LDO.VDDH_2.7V.LDOIN_0V_LOAD_1mA
1544100,1.750,V,1.820,V,LDO.VDDH_2.7V.LDOIN_0V_LOAD_50mA
1544130,85,mA,322,mA,LDO.LDOIN_0V_VCC_1.6V
1544140,100,mA,410,mA,LDO.LDOIN_3p3V_VCC_1.6V
1544150,6.960,mA,54,mA,LDO.LDOIN_0V_VCC_1.6V_ILIM_30mA
1544152,11.500,mA,72.700,mA,LDO.LDOIN_3p3V_VCC_1.6V_ILIM_30mA
1513010,450,KHz,550,KHz,FSW_500kHz
1513020,450,KHz,550,KHz,FSW_500kHz_AVDD_1p71V
1513030,450,KHz,550,KHz,FSW_500kHz_AVDD_1p95V
1513040,550,KHz,650,KHz,FSW_600kHz
1513070,700,KHz,800,KHz,FSW_750kHz
1513100,0.900,MHz,1.100,MHz,FSW_1MHz
1513130,1.100,MHz,1.300,MHz,FSW_1.2MHz
1513160,1.400,MHz,1.600,MHz,FSW_1.5MHz
1513190,1.850,MHz,2.150,MHz,FSW_2MHz
1513220,2.800,MHz,3.200,MHz,FSW_3MHz
1513500,3.600,us,4.400,us,Phase_Master_Clk
1540010,0,mV,200,mV,DCM_GNG_RMAX
1540020,1.400,V,1.700,V,DCM_GNG_RMIN
1540030,0,mV,200,mV,DCM_GNG_FMAX
1540040,1.400,V,1.700,V,DCM_GNG_FMIN
1540110,-1.800,V,-1.600,V,DCM_GNG_PGM1_to_AVDD
1540120,-200,mV,0,mV,DCM_GNG_PGM0_to_AVDD
1540130,0.750,V,0.850,V,DCM_RISING_THRESHOLD
1540140,0.750,V,0.850,V,DCM_FALLING_THRESHOLD
1540150,-0.010,V,0.010,V,DCM_THRESHOLD_HYSTERESIS
1547010,20,mV,220,mV,MODULATOR_PWM_MIN_ONTIME
1548010,300,mV,950,mV,MODULATOR_NOCP_MIN_ONTIME
1532000,-10,mV,10,mV,VERIFY_LS_ON
1532010,-790,mA,-526.670,mA,IRECON_NOCP
1532020,-684.670,mA,-456.440,mA,IRECON_NOCP_01
1532030,-579.330,mA,-386.220,mA,IRECON_NOCP_10
1532040,-474,mA,-316,mA,IRECON_NOCP_11
1552010,0,mV,200,mV,THERMAL_GNG_FMAX
1552020,1.400,V,1.900,V,THERMAL_GNG_FMIN
1552030,0,mV,200,mV,THERMAL_GNG_RMIN
1552040,1.400,V,1.900,V,THERMAL_GNG_RMAX
1552050,0.820,V,0.890,V,THERMAL_RISING_THRESHOLD
1552060,0.760,V,0.860,V,THERMAL_FALLING_THRESHOLD
1552070,32,mV,57,mV,THERMAL_HYSTERESIS
1538010,21,mA,50,mA,T538.ZX_NOCP
1538011,19,mA,45,mA,T538.ZX_NOCP_01
1538012,16,mA,40,mA,T538.ZX_NOCP_10
1538013,12,mA,30,mA,T538.ZX_NOCP_11
1538020,-16,mA,-3,mA,T538.ZX_POCP
1545010,95,KHz,105,KHz,SWITCHOVER_FREQUENCY
2554010,390,uA,410,uA,PGM0_400uA
2554012,390,uA,410,uA,PGM1_400uA
2554020,0.690,KOhm,1.620,KOhm,PGM0_Rpulldown
1537210,0,none,0,none,PGM0_RADC_GNG_DATA_0
1537220,1,none,1,none,PGM0_RADC_GNG_DATA_1
1537230,2,none,2,none,PGM0_RADC_GNG_DATA_2
1537240,3,none,3,none,PGM0_RADC_GNG_DATA_3
1537250,4,none,4,none,PGM0_RADC_GNG_DATA_4
1537260,5,none,5,none,PGM0_RADC_GNG_DATA_5
1537270,6,none,6,none,PGM0_RADC_GNG_DATA_6
1537280,7,none,7,none,PGM0_RADC_GNG_DATA_7
1537290,8,none,8,none,PGM0_RADC_GNG_DATA_8
1537300,9,none,9,none,PGM0_RADC_GNG_DATA_9
1537310,10,none,10,none,PGM0_RADC_GNG_DATA_10
1537320,11,none,11,none,PGM0_RADC_GNG_DATA_11
1537330,12,none,12,none,PGM0_RADC_GNG_DATA_12
1537340,13,none,13,none,PGM0_RADC_GNG_DATA_13
1537350,14,none,14,none,PGM0_RADC_GNG_DATA_14
1537360,15,none,15,none,PGM0_RADC_GNG_DATA_15
1537361,31,none,31,none,PGM0_RADC_GNG_DATA_31
1537010,0.057,V,0.071,V,PGM0_RADC_DATA_1_RMIN
1537020,0.096,V,0.110,V,PGM0_RADC_DATA_2_RMIN
1537030,0.140,V,0.154,V,PGM0_RADC_DATA_3_RMIN
1537040,0.189,V,0.202,V,PGM0_RADC_DATA_4_RMIN
1537050,0.233,V,0.245,V,PGM0_RADC_DATA_5_RMIN
1537060,0.276,V,0.289,V,PGM0_RADC_DATA_6_RMIN
1537070,0.330,V,0.343,V,PGM0_RADC_DATA_7_RMIN
1537080,0.388,V,0.401,V,PGM0_RADC_DATA_8_RMIN
1537090,0.447,V,0.460,V,PGM0_RADC_DATA_9_RMIN
1537100,0.513,V,0.530,V,PGM0_RADC_DATA_10_RMIN
1537110,0.596,V,0.613,V,PGM0_RADC_DATA_11_RMIN
1537120,0.687,V,0.706,V,PGM0_RADC_DATA_12_RMIN
1537130,0.793,V,0.813,V,PGM0_RADC_DATA_13_RMIN
1537140,0.919,V,0.942,V,PGM0_RADC_DATA_14_RMIN
1537150,1.061,V,1.085,V,PGM0_RADC_DATA_15_RMIN
1537160,1.234,V,1.257,V,PGM0_RADC_DATA_15_RMAX
1537011,0.057,V,0.071,V,PGM0_RADC_DATA_0_FMAX
1537021,0.096,V,0.110,V,PGM0_RADC_DATA_1_FMAX
1537031,0.140,V,0.154,V,PGM0_RADC_DATA_2_FMAX
1537041,0.189,V,0.202,V,PGM0_RADC_DATA_3_FMAX
1537051,0.233,V,0.245,V,PGM0_RADC_DATA_4_FMAX
1537061,0.276,V,0.289,V,PGM0_RADC_DATA_5_FMAX
1537071,0.330,V,0.343,V,PGM0_RADC_DATA_6_FMAX
1537081,0.388,V,0.401,V,PGM0_RADC_DATA_7_FMAX
1537091,0.447,V,0.460,V,PGM0_RADC_DATA_8_FMAX
1537101,0.513,V,0.530,V,PGM0_RADC_DATA_9_FMAX
1537111,0.596,V,0.613,V,PGM0_RADC_DATA_10_FMAX
1537121,0.687,V,0.706,V,PGM0_RADC_DATA_11_FMAX
1537131,0.793,V,0.813,V,PGM0_RADC_DATA_12_FMAX
1537141,0.919,V,0.942,V,PGM0_RADC_DATA_13_FMAX
1537151,1.061,V,1.085,V,PGM0_RADC_DATA_14_FMAX
1537161,1.234,V,1.257,V,PGM0_RADC_DATA_15_FMAX
1537362,0,none,0,none,PGM1_RADC_GNG_DATA_0
1537363,1,none,1,none,PGM1_RADC_GNG_DATA_1
1537364,2,none,2,none,PGM1_RADC_GNG_DATA_2
1537365,3,none,3,none,PGM1_RADC_GNG_DATA_3
1537366,4,none,4,none,PGM1_RADC_GNG_DATA_4
1537367,5,none,5,none,PGM1_RADC_GNG_DATA_5
1537368,6,none,6,none,PGM1_RADC_GNG_DATA_6
1537369,7,none,7,none,PGM1_RADC_GNG_DATA_7
1537370,8,none,8,none,PGM1_RADC_GNG_DATA_8
1537371,9,none,9,none,PGM1_RADC_GNG_DATA_9
1537372,10,none,10,none,PGM1_RADC_GNG_DATA_10
1537373,11,none,11,none,PGM1_RADC_GNG_DATA_11
1537374,12,none,12,none,PGM1_RADC_GNG_DATA_12
1537375,13,none,13,none,PGM1_RADC_GNG_DATA_13
1537376,14,none,14,none,PGM1_RADC_GNG_DATA_14
1537377,15,none,15,none,PGM1_RADC_GNG_DATA_15
1537378,31,none,31,none,PGM1_RADC_GNG_DATA_31
1537163,0.057,V,0.071,V,PGM1_RADC_DATA_1_RMIN
1537164,0.096,V,0.110,V,PGM1_RADC_DATA_2_RMIN
1537165,0.140,V,0.154,V,PGM1_RADC_DATA_3_RMIN
1537166,0.189,V,0.202,V,PGM1_RADC_DATA_4_RMIN
1537167,0.233,V,0.245,V,PGM1_RADC_DATA_5_RMIN
1537168,0.276,V,0.289,V,PGM1_RADC_DATA_6_RMIN
1537169,0.330,V,0.343,V,PGM1_RADC_DATA_7_RMIN
1537170,0.388,V,0.401,V,PGM1_RADC_DATA_8_RMIN
1537171,0.447,V,0.460,V,PGM1_RADC_DATA_9_RMIN
1537172,0.513,V,0.530,V,PGM1_RADC_DATA_10_RMIN
1537173,0.596,V,0.613,V,PGM1_RADC_DATA_11_RMIN
1537174,0.687,V,0.706,V,PGM1_RADC_DATA_12_RMIN
1537175,0.793,V,0.813,V,PGM1_RADC_DATA_13_RMIN
1537176,0.919,V,0.942,V,PGM1_RADC_DATA_14_RMIN
1537177,1.061,V,1.085,V,PGM1_RADC_DATA_15_RMIN
1537178,1.234,V,1.257,V,PGM1_RADC_DATA_15_RMAX
1537180,0.057,V,0.071,V,PGM1_RADC_DATA_0_FMAX
1537181,0.096,V,0.110,V,PGM1_RADC_DATA_1_FMAX
1537182,0.140,V,0.154,V,PGM1_RADC_DATA_2_FMAX
1537183,0.189,V,0.202,V,PGM1_RADC_DATA_3_FMAX
1537184,0.233,V,0.245,V,PGM1_RADC_DATA_4_FMAX
1537185,0.276,V,0.289,V,PGM1_RADC_DATA_5_FMAX
1537186,0.330,V,0.343,V,PGM1_RADC_DATA_6_FMAX
1537187,0.388,V,0.401,V,PGM1_RADC_DATA_7_FMAX
1537188,0.447,V,0.460,V,PGM1_RADC_DATA_8_FMAX
1537189,0.513,V,0.530,V,PGM1_RADC_DATA_9_FMAX
1537190,0.596,V,0.613,V,PGM1_RADC_DATA_10_FMAX
1537191,0.687,V,0.706,V,PGM1_RADC_DATA_11_FMAX
1537192,0.793,V,0.813,V,PGM1_RADC_DATA_12_FMAX
1537193,0.919,V,0.942,V,PGM1_RADC_DATA_13_FMAX
1537194,1.061,V,1.085,V,PGM1_RADC_DATA_14_FMAX
1537195,1.233,V,1.257,V,PGM1_RADC_DATA_15_FMAX
1516010,0,mV,200,mV,CLK_VTH_NOGO_RISE
1516020,1.400,V,1.700,V,CLK_VTH_GO_RISE
1516030,0,mV,200,mV,CLK_VTH_NOGO_FALL
1516040,1.400,V,1.700,V,CLK_VTH_GO_FALL
1516080,0,mV,200,mV,DATA_VTH_NOGO_RISE
1516090,1.400,V,1.700,V,DATA_VTH_GO_RISE
1516100,0,mV,200,mV,DATA_VTH_NOGO_FALL
1516110,1.400,V,1.700,V,DATA_VTH_GO_FALL
1516050,0.800,V,1.450,V,CLK_RISING_THRESHOLD
1516060,0.800,V,1.240,V,CLK_FALLING_THRESHOLD
1516070,60,mV,210,mV,CLK_THRESHOLD_HYSTERESIS
1516120,0.800,V,1.450,V,DATA_RISING_THRESHOLD
1516130,0.800,V,1.240,V,DATA_FALLING_THRESHOLD
1516140,60,mV,210,mV,DATA_THRESHOLD_HYSTERESIS
1516210,160,mV,290,mV,DATA_VOL_4mA
1516250,0,mV,800,mV,DATA_VOL_6mA
1516220,0,code,0,code,DATA_VOL_GNG_4mA
1701000,0,code,1,code,SAR.sat_bit.atCal.IOUT
1701001,0,code,255,code,ADC.CAP.CAL.byte.atCal.IOUT
1701010,-128,code,128,code,SAR.ADCraw.int0v.chop0.atCal
1701020,-200,mV,16200.001,mV,SAR.VIN.int0v.chop0.atCal
1701030,-5,Cel,5,Cel,SAR.TEMP.int0v.chop0.atCal
1701510,-128,code,128,code,SAR.ADCraw.int0v.chop1.atCal
1701520,-200,mV,16200.001,mV,SAR.VIN.int0v.chop1.atCal
1701530,-5,Cel,5,Cel,SAR.TEMP.int0v.chop1.atCal
1702000,-5,mV,5,mV,SAR.V_PGM1_0V_PGM0_0V.atCal
1702010,-128,code,128,code,SAR.ADCraw.PGM1_0V.PGM0_0V.chop0.atCal
1702020,-200,mV,16200.001,mV,SAR.VIN.PGM1_0V_PGM0_0V.chop0.atCal
1702030,-5,Cel,5,Cel,SAR.TEMP.PGM1_0V_PGM0_0V.chop0.atCal
1702510,-128,code,128,code,SAR.ADCraw.PGM1_0V.PGM0_0V.chop1.atCal
1702520,-200,mV,16200.001,mV,SAR.VIN.PGM1_0V_PGM0_0V.chop1.atCal
1702530,-5,Cel,5,Cel,SAR.TEMP.PGM1_0V_PGM0_0V.chop1.atCal
1703000,1.195,V,1.205,V,SAR.V_PGM1_1p2V_PGM0_0V.atCal
1703010,-8192,code,8192,code,SAR.ADCraw.PGM1_1p2V.PGM0_0V.chop0.atCal
1703020,14.860,V,15.860,V,SAR.VIN.PGM1_1p2V_PGM0_0V.chop0.atCal
1703030,164,Cel,174,Cel,SAR.TEMP.PGM1_1p2V_PGM0_0V.chop0.atCal
1703510,-8192,code,8192,code,SAR.ADCraw.PGM1_1p2V.PGM0_0V.chop1.atCal
1703520,14.860,V,15.860,V,SAR.VIN.PGM1_1p2V_PGM0_0V.chop1.atCal
1703530,164,Cel,174,Cel,SAR.TEMP.PGM1_1p2V_PGM0_0V.chop1.atCal
1711000,0,code,1,code,SAR.sat_bit.trigCal
1711001,0,code,255,code,ADC.CAP.CAL.byte.trigCal
1711010,-128,code,128,code,SAR.ADCraw.int0v.chop0.trigCal
1711020,-200,mV,16200.001,mV,SAR.VIN.int0v.chop0.trigCal
1711030,-5,Cel,5,Cel,SAR.TEMP.int0v.chop0.trigCal
1711510,-128,code,128,code,SAR.ADCraw.int0v.chop1.trigCal
1711520,-200,mV,16200.001,mV,SAR.VIN.int0v.chop1.trigCal
1711530,-5,Cel,5,Cel,SAR.TEMP.int0v.chop1.trigCal
1712000,-5,mV,5,mV,SAR.V_PGM1_0V_PGM0_0V.trigCal
1712010,-128,code,128,code,SAR.ADCraw.PGM1_0V.PGM0_0V.chop0.trigCal
1712020,-200,mV,16200.001,mV,SAR.VIN.PGM1_0V_PGM0_0V.chop0.trigCal
1712030,-5,Cel,5,Cel,SAR.TEMP.PGM1_0V_PGM0_0V.chop0.trigCal
1712510,-128,code,128,code,SAR.ADCraw.PGM1_0V.PGM0_0V.chop1.trigCal
1712520,-200,mV,16200.001,mV,SAR.VIN.PGM1_0V_PGM0_0V.chop1.trigCal
1712530,-5,Cel,5,Cel,SAR.TEMP.PGM1_0V_PGM0_0V.chop1.trigCal
1713000,1.195,V,1.205,V,SAR.V_PGM1_1p2V_PGM0_0V.trigCal
1713010,-8192,code,8192,code,SAR.ADCraw.PGM1_1p2V.PGM0_0V.chop0.trigCal
1713020,14.860,V,15.860,V,SAR.VIN.PGM1_1p2V_PGM0_0V.chop0.trigCal
1713030,164,Cel,174,Cel,SAR.TEMP.PGM1_1p2V_PGM0_0V.chop0.trigCal
1713510,-8192,code,8192,code,SAR.ADCraw.PGM1_1p2V.PGM0_0V.chop1.trigCal
1713520,14.860,V,15.860,V,SAR.VIN.PGM1_1p2V_PGM0_0V.chop1.trigCal
1713530,164,Cel,174,Cel,SAR.TEMP.PGM1_1p2V_PGM0_0V.chop1.trigCal
1721000,0,code,1,code,SAR.sat_bit.resetCal.IOUT
1721001,0,code,255,code,ADC.CAP.CAL.byte.resetCal.IOUT
1721010,-128,code,128,code,SAR.ADCraw.int0v.chop0.resetCal
1721020,-60000,mV,60000,mV,SAR.VIN.int0v.chop0.resetCal
1721030,-5,Cel,5,Cel,SAR.TEMP.int0v.chop0.resetCal
1721510,-128,code,128,code,SAR.ADCraw.int0v.chop1.resetCal
1721520,-60000,mV,60000,mV,SAR.VIN.int0v.chop1.resetCal
1721530,-5,Cel,5,Cel,SAR.TEMP.int0v.chop1.resetCal
1722000,-5,mV,5,mV,SAR.V_PGM1_0V_PGM0_0V.resetCal
1722010,-128,code,128,code,SAR.ADCraw.PGM1_0V.PGM0_0V.chop0.resetCal
1722020,-60000,mV,60000,mV,SAR.VIN.PGM1_0V_PGM0_0V.chop0.resetCal
1722030,-5,Cel,5,Cel,SAR.TEMP.PGM1_0V_PGM0_0V.chop0.resetCal
1722510,-128,code,128,code,SAR.ADCraw.PGM1_0V.PGM0_0V.chop1.resetCal
1722520,-60000,mV,60000,mV,SAR.VIN.PGM1_0V_PGM0_0V.chop1.resetCal
1722530,-5,Cel,5,Cel,SAR.TEMP.PGM1_0V_PGM0_0V.chop1.resetCal
1723000,1.195,V,1.205,V,SAR.V_PGM1_1p2V_PGM0_0V.resetCal
1723010,-8192,code,8192,code,SAR.ADCraw.PGM1_1p2V.PGM0_0V.chop0.resetCal
1723020,14.860,V,15.860,V,SAR.VIN.PGM1_1p2V_PGM0_0V.chop0.resetCal
1723030,164,Cel,174,Cel,SAR.TEMP.PGM1_1p2V_PGM0_0V.chop0.resetCal
1723510,-8192,code,8192,code,SAR.ADCraw.PGM1_1p2V.PGM0_0V.chop1.resetCal
1723520,14.860,V,15.860,V,SAR.VIN.PGM1_1p2V_PGM0_0V.chop1.resetCal
1723530,164,Cel,174,Cel,SAR.TEMP.PGM1_1p2V_PGM0_0V.chop1.resetCal
1607011,-0.847,A,1,A,PMBUS.READ_IOUT.LS.0A
1607013,-1,A,1.350,A,PMBUS.READ_IOUT.HS.0A
1607012,12.770,A,16.950,A,PMBUS.READ_IOUT.LS.15A
1607014,13.140,A,17.010,A,PMBUS.READ_IOUT.HS.15A
1607015,17.670,A,22.040,A,PMBUS.READ_IOUT.LS.20A
1607016,18.160,A,22.090,A,PMBUS.READ_IOUT.HS.20A
1607111,-0.348,A,0.385,A,PMBUS.READ_IOUT.LS.0A.resetCal
1607113,-0.694,A,0.908,A,PMBUS.READ_IOUT.HS.0A.resetCal
1607112,13.768,A,16.045,A,PMBUS.READ_IOUT.LS.15A.resetCal
1607114,14.165,A,16.095,A,PMBUS.READ_IOUT.HS.15A.resetCal
1607115,18.630,A,21.150,A,PMBUS.READ_IOUT.LS.20A.resetCal
1607116,19.120,A,21.142,A,PMBUS.READ_IOUT.HS.20A.resetCal
1042010,-375.842,mV,-149.641,mV,Final_VXVerify_BothOff_Nominal
1042030,-16.038,uA,-1.892,uA,Final_Ipgm1q_BothOff_Nominal
1042035,1.313,mA,2.564,mA,Final_Iddq_BothOff_Nominal
1042040,-81.605,nA,985.568,nA,Final_Iccq_Nom_BothOff_Nominal
1042041,-57.949,nA,629.027,nA,Final_Iccq_1.71V_BothOff_Nominal
1042042,44.731,nA,3341.766,nA,Final_Iccq_1.95V_BothOff_Nominal
1042045,0.262,uA,34.219,uA,Final_Iddhq_BothOff_Nominal
1042050,-0.012,uA,0.281,uA,Final_Iddhq_rst_BothOff_Nominal
1042060,-120,nA,799.569,nA,Final_Ibstq_BothOff_Nominal
1042070,-39.492,nA,12,nA,Final_Ldoin_BothOff_Nominal
1042080,-262.683,nA,140.930,nA,Final_VXLeakage0V_BothOff_Nominal
1042090,-0.019,uA,0.563,uA,Final_VXLeakageVddh_BothOff_Nominal
1042110,-50,mV,50,mV,Final_VXVerify_LSon_Nominal
1042130,-9.316,uA,-4.512,uA,Final_Ipgm1q_LSon_Nominal
1042135,1.313,mA,2.564,mA,Final_Iddq_LSon_Nominal
1042140,-0.035,uA,0.625,uA,Final_Iccq_Nom_LSon_Nominal
1042141,-0.021,uA,0.303,uA,Final_Iccq_1.71V_LSon_Nominal
1042142,-7.612,uA,84.997,uA,Final_Iccq_1.95V_LSon_Nominal
1042145,0.261,uA,34.187,uA,Final_Iddhq_LSon_Nominal
1042150,-13.422,nA,253.412,nA,Final_Iddhq_rst_LSon_Nominal
1042160,-48.685,nA,647.069,nA,Final_Ibstq_LSon_Nominal
1042170,-0.039,uA,-0.002,uA,Final_Ldoin_LSon_Nominal
1042210,11.980,V,12.010,V,Final_VXVerify_HSon_Nominal
1042230,-16.039,uA,-1.892,uA,Final_Ipgm1q_HSon_Nominal
1042235,1.100,mA,2.808,mA,Final_Iddq_HSon_Nominal
1042240,-0.059,uA,0.699,uA,Final_Iccq_Nom_HSon_Nominal
1042241,-0.058,uA,0.607,uA,Final_Iccq_1.71V_HSon_Nominal
1042242,-0.075,uA,2.782,uA,Final_Iccq_1.95V_HSon_Nominal
1042245,0.235,uA,35.110,uA,Final_Iddhq_HSon_Nominal
1042250,-0.057,uA,0.774,uA,Final_Iddhq_rst_HSon_Nominal
1042260,43.116,nA,874.630,nA,Final_Ibstq_HSon_Nominal
1042270,-20.249,nA,12,nA,Final_Ldoin_HSon_Nominal
1042280,-8.667,uA,46.261,uA,Final_Iddq_AllOff_Nominal
4001010,-524.593,mV,0.100,mV,T001.Final_AVDD_(Opens)
4001050,-932.261,mV,0.100,mV,T001.Final_SNSP_(Opens)
4001020,-846.502,mV,0.100,mV,T001.Final_SNSN_(Opens)
4001170,-657.115,mV,0.100,mV,T001.Final_PGOOD_(Opens)
4001030,-483.915,mV,0.100,mV,T001.Final_VCC_(Opens)
4001110,-480.817,mV,0.100,mV,T001.Final_BST_(Opens)
4001140,-736.780,mV,0.100,mV,T001.Final_PGM0_(Opens)
4001130,-830.596,mV,0.100,mV,T001.Final_PGM1_(Opens)
4001150,-617.234,mV,0.100,mV,T001.Final_DATA_PGM2_(Opens)
4001160,-923.944,mV,0.100,mV,T001.Final_CLK_EN_(Opens)
4001090,-410.566,mV,0.100,mV,T001.Final_LX_(Opens)
4001070,-367.818,mV,0.100,mV,T001.Final_VDDH_(Opens)
4001190,-0.100,mV,539.742,mV,T001.Final_BST_LX_(Opens)
4001210,-0.100,mV,729.629,mV,T001.Final_PGM0_AVDD_(Opens)
4001220,-0.100,mV,738.256,mV,T001.Final_PGM1_AVDD_(Opens)
4001230,1233.887,mV,2911.423,mV,T001.Final_DATA_PGM2_AVDD_(Opens)
4001490,1226.717,mV,2895.322,mV,T001.Final_CLK_EN_AVDD_(Opens)
4001500,-0.100,mV,1009.663,mV,T001.Final_SNSP_AVDD_(Opens)
4001510,-0.100,mV,896.366,mV,T001.Final_SNSN_AVDD_(Opens)
4001101,-801.950,mV,0.100,mV,T001.Final_EN_(Opens)
4001031,-804.664,mV,0.100,mV,T001.Final_LDOIN_(Opens)
4001240,-524.779,mV,-215.126,mV,T001.Final_AVDD_(Shorts)
4001280,-932.718,mV,-385.219,mV,T001.Final_SNSP_(Shorts)
4001250,-845.198,mV,-303.356,mV,T001.Final_SNSN_(Shorts)
4001400,-656.213,mV,-216.603,mV,T001.Final_PGOOD_(Shorts)
4001260,-484.284,mV,-196.863,mV,T001.Final_VCC_(Shorts)
4001340,-478.439,mV,-172.928,mV,T001.Final_BST_(Shorts)
4001370,-736.745,mV,-294.893,mV,T001.Final_PGM0_(Shorts)
4001360,-828.389,mV,-343.552,mV,T001.Final_PGM1_(Shorts)
4001380,-615.739,mV,-197.443,mV,T001.Final_DATA_PGM2_(Shorts)
4001390,-925.495,mV,-389.716,mV,T001.Final_CLK_EN_(Shorts)
4001320,-412.894,mV,-132.375,mV,T001.Final_LX_(Shorts)
4001300,-368.707,mV,-143.691,mV,T001.Final_VDDH_(Shorts)
4001420,203.713,mV,538.642,mV,T001.Final_BST_LX_(Shorts)
4001440,283.907,mV,728.867,mV,T001.Final_PGM0_AVDD_(Shorts)
4001450,286.636,mV,736.539,mV,T001.Final_PGM1_AVDD_(Shorts)
4001460,1233.921,mV,2911.301,mV,T001.Final_DATA_PGM2_AVDD_(Shorts)
4001540,1226.983,mV,2895.457,mV,T001.Final_CLK_EN_AVDD_(Shorts)
4001550,426.376,mV,1011.372,mV,T001.Final_SNSP_AVDD_(Shorts)
4001560,378.184,mV,898.848,mV,T001.Final_SNSN_AVDD_(Shorts)
4001601,-802.646,mV,-334.006,mV,T001.Final_EN_(Shorts)
4001531,-802.501,mV,-337.079,mV,T001.Final_LDOIN_(Shorts)
4001570,-7,mV,7,mV,T001.Final_PGND_to_GND_Short
4001580,9.800,mA,10.200,mA,T001.Final_PGND_to_GND_10mA
4001610,-600,mV,-100,mV,T001.Final_VDDH_F1_OVI
4001620,-600,mV,-100,mV,T001.Final_VDDH_F2_OVI
4001630,-7,mV,7,mV,T001.Final_PGND_F1_OVI
4001640,-600,mV,-100,mV,T001.Final_LX_LS_F1_OVI
4001650,-600,mV,-100,mV,T001.Final_LX_HS_F1_OVI
4001660,-600,mV,-100,mV,T001.Final_LX_HS_F2_OVI
4001720,-529.518,mV,0.100,mV,T001.Final_VDDH_LX_NEG_(Opens)
4001730,-0.100,mV,394.695,mV,T001.Final_VCC_BST_POS(Opens)
4001750,-527.639,mV,-198.661,mV,T001.Final_VDDH_LX_NEG_(Shorts)
4001760,155.412,mV,392.159,mV,T001.Final_VCC_BST_POS(Shorts)
4003246,0,mV,400,mV,Final_Ring_check_test
4003247,0,none,0,none,Final_Ring_fault_test
